{
  "editorVersion": "6.5.51",
  "docType": "5",
  "title": "8_LED",
  "description": "",
  "colors": {},
  "schematics": [
    {
      "docType": "1",
      "title": "Sheet_1",
      "description": "",
      "dataStr": {
        "head": {
          "docType": "1",
          "editorVersion": "6.5.51",
          "newgId": true,
          "c_para": {
            "Prefix Start": "1"
          },
          "c_spiceCmd": "null",
          "hasIdFlag": true,
          "uuid": "159e4c82e2e4483a8d7539092ffdadc1",
          "x": "0",
          "y": "0",
          "portOfADImportHack": "",
          "importFlag": 0,
          "transformList": ""
        },
        "canvas": "CA~1000~1000~#FFFFFF~yes~#CCCCCC~5~1000~1000~line~5~pixel~5~0~0",
        "shape": [
          "LIB~0~-806~package`NONE`Manufacturer Part`?`spicePre`.`~~0~frame_lib_1~~~0~38dcdafd6c651e3f~yes~yes~~~#@$T~N~571.703125~-809~0~#000080~Arial~~~~~comment~A~0~start~gge223~0~pinpart#@$PT~M 206 -796 L 206 -806 M 206 -10 L 206 0 M 402 -796 L 402 -806 M 402 -10 L 402 0 M 598 -796 L 598 -806 M 598 -10 L 598 0 M 794 -796 L 794 -806 M 794 -10 L 794 0 M 990 -796 L 990 -806 M 990 -10 L 990 0 M 10 -600 L 0 -600 M 1139 -600 L 1149 -600 M 10 -404 L 0 -404 M 1139 -404 L 1149 -404 M 10 -208 L 0 -208 M 1139 -208 L 1149 -208 M 10 -12 L 0 -12 M 1139 -12 L 1149 -12~#880000~1~0~none~gge10~0~frame_tick#@$T~P~571.703125~-818.40625~0~#000080~Arial~~~~~comment~A~0~start~gge220~0~pinpart#@$T~L~1.5~-698~0~#880000~~~~~~comment~A~1~start~gge13~0~frame_tick#@$T~L~1140.5~-698~0~#880000~~~~~~comment~A~1~start~gge19~0~frame_tick#@$T~L~1.5~-502~0~#880000~~~~~~comment~B~1~start~gge25~0~frame_tick#@$T~L~1140.5~-502~0~#880000~~~~~~comment~B~1~start~gge31~0~frame_tick#@$T~L~1.5~-306~0~#880000~~~~~~comment~C~1~start~gge37~0~frame_tick#@$T~L~1140.5~-306~0~#880000~~~~~~comment~C~1~start~gge43~0~frame_tick#@$T~L~1.5~-110~0~#880000~~~~~~comment~D~1~start~gge49~0~frame_tick#@$T~L~1140.5~-110~0~#880000~~~~~~comment~D~1~start~gge55~0~frame_tick#@$T~L~108~-797.5~0~#880000~~~~~~comment~1~1~start~gge61~0~frame_tick#@$T~L~108~-1.5~0~#880000~~~~~~comment~1~1~start~gge67~0~frame_tick#@$T~L~304~-797.5~0~#880000~~~~~~comment~2~1~start~gge73~0~frame_tick#@$T~L~304~-1.5~0~#880000~~~~~~comment~2~1~start~gge79~0~frame_tick#@$T~L~500~-797.5~0~#880000~~~~~~comment~3~1~start~gge85~0~frame_tick#@$T~L~500~-1.5~0~#880000~~~~~~comment~3~1~start~gge91~0~frame_tick#@$T~L~696~-797.5~0~#880000~~~~~~comment~4~1~start~gge97~0~frame_tick#@$T~L~696~-1.5~0~#880000~~~~~~comment~4~1~start~gge103~0~frame_tick#@$T~L~892~-797.5~0~#880000~~~~~~comment~5~1~start~gge109~0~frame_tick#@$T~L~892~-1.5~0~#880000~~~~~~comment~5~1~start~gge115~0~frame_tick#@$R~10~-796~~~1129~786~#880000~1~0~none~gge121~0~frame_innerbox#@$R~0~-806~~~1149~806~#880000~1~0~none~gge124~0~frame_outbox#@$R~694.99995~-90~~~444~80~#880000~1~0~none~gge127~0~frame_hitarea#@$PL~695.1 -50.75 1138.63 -50.75~#880000~1~0~none~gge130~0#@$PL~799.63 -30.75 1138.63 -30.75~#880000~1~0~none~gge133~0#@$PL~1059.61 -89.93 1059.63 -50.75~#880000~1~0~none~gge136~0#@$PL~1059.63 -50.75 1059.63 -30.75~#880000~1~0~none~gge139~0#@$T~L~699.99995~-77~0~#880000~~8pt~~~~comment~TITLE:~1~start~gge142~0~pinpart#@$T~L~757.62495~-64.41~0~#0000FF~~10pt~~~~comment~Sheet_1~1~start~gge148~0~frame_title#@$T~L~1064.62495~-63.75~0~#880000~~8pt~~~~comment~REV:~1~start~gge154~0~pinpart#@$T~L~1102.62495~-63.75~0~#0000FF~~9pt~~~~comment~1.0~1~start~gge160~0~frame_version#@$T~L~804.62495~-15~0~#880000~~8pt~~~~comment~Date:~1~start~gge166~0~pinpart#@$T~L~851.62495~-14.52~0~#0000FF~~9pt~~~~comment~2025-05-30~1~start~gge172~0~frame_date#@$T~L~1063.62495~-35~0~#880000~~8pt~~~~comment~Sheet:~1~start~gge178~0~pinpart#@$T~L~1108.62495~-34.52~0~#0000FF~~9pt~~~~comment~1/1~1~start~gge184~0~frame_sheet#@$T~L~943.62495~-14.75~0~#880000~~8pt~~~~comment~Drawn By:~1~start~gge190~0~pinpart#@$T~L~1008.63~-14.75~0~#0000FF~~9pt~~~~comment~louislee~1~start~gge196~0~frame_drawn#@$T~L~804.62495~-36.75~0~#880000~~8pt~~~~comment~Company:~1~start~gge202~0~pinpart#@$PL~799.63 -50.75 799.63 -10.75~#880000~1~0~none~gge214~0",
          "F~part_netLabel_netPort~225~-650~180~gge23846~~0^^225~-650^^A~#0000FF~247.28~-646.18~0~~1~Times New Roman~8pt~flag_gge7^^PL~225 -650 230 -655 245 -655 245 -645 230 -645 225 -650~#0000FF~1~0~transparent~gge23858~0",
          "F~part_netLabel_netPort~225~-670~180~gge23864~~0^^225~-670^^B~#0000FF~247~-666.18~0~~1~Times New Roman~8pt~flag_gge10^^PL~225 -670 230 -675 245 -675 245 -665 230 -665 225 -670~#0000FF~1~0~transparent~gge23876~0",
          "F~part_netLabel_netPort~225~-710~180~gge23882~~0^^225~-710^^C~#0000FF~246.69~-706.18~0~~1~Times New Roman~8pt~flag_gge13^^PL~225 -710 230 -715 245 -715 245 -705 230 -705 225 -710~#0000FF~1~0~transparent~gge23894~0",
          "F~part_netLabel_netPort~225~-740~180~gge23900~~0^^225~-740^^D~#0000FF~246.71~-736.18~0~~1~Times New Roman~8pt~flag_gge16^^PL~225 -740 230 -745 245 -745 245 -735 230 -735 225 -740~#0000FF~1~0~transparent~gge23912~0",
          "F~part_netLabel_netPort~225~-720~180~gge23918~~0^^225~-720^^E~#0000FF~246.66~-716.18~0~~1~Times New Roman~8pt~flag_gge19^^PL~225 -720 230 -725 245 -725 245 -715 230 -715 225 -720~#0000FF~1~0~transparent~gge23930~0",
          "F~part_netLabel_netPort~225~-660~180~gge23936~~0^^225~-660^^F~#0000FF~246.65~-656.18~0~~1~Times New Roman~8pt~flag_gge22^^PL~225 -660 230 -665 245 -665 245 -655 230 -655 225 -660~#0000FF~1~0~transparent~gge23948~0",
          "F~part_netLabel_netPort~225~-680~180~gge23954~~0^^225~-680^^G~#0000FF~246.71~-676.18~0~~1~Times New Roman~8pt~flag_gge25^^PL~225 -680 230 -685 245 -685 245 -675 230 -675 225 -680~#0000FF~1~0~transparent~gge23966~0",
          "F~part_netLabel_netPort~225~-730~180~gge24311~~0^^225~-730^^DP~#0000FF~246.64~-726.18~0~~1~Times New Roman~8pt~flag_gge28^^PL~225 -730 230 -735 245 -735 245 -725 230 -725 225 -730~#0000FF~1~0~transparent~gge24323~0",
          "LIB~160~-695~package`SOIC-24_L15.4-W7.5-P1.27-LS10.3-BL`Supplier`LCSC`Manufacturer`ADI(亚德诺)/MAXIM(美信)`Manufacturer Part`MAX7219CWG+T`Supplier Part`C9964`JLCPCB Part Class`Extended Part`spicePre`U`spiceSymbolName`MAX7219CWG`~~0~ggeeaa54c3c3b3b9b03~97a59184404042c9acecd184d2165ea5~7b8bbd2e8e602d85a034159a5e5ef278~0~e33a9c94f77d2cdd~yes~yes~2e8340f9ef37459a91fe2f1fc5841302~1742838646~f6d5609b196a4b59a8d06cecc2e234a5#@$T~N~154.11~-763.26~0~#000080~Arial~~~~~comment~MAX7219_1~1~start~gge25671~0~pinpart#@$T~P~154.11~-772.37~0~#000080~Arial~~~~~comment~U12~1~start~gge25677~0~pinpart#@$R~105~-760~2~2~110~130~#880000~1~0~none~gge25683~0~#@$E~110~-755~1.5~1.5~#880000~1~0~#880000~gge25686~0#@$P~show~0~1~95~-750~180~gge25689~0^^95~-750^^M 95 -750 h 10~#880000^^1~108.7~-746~0~DIN~start~~~#0000FF^^1~104.5~-751~0~1~end~~~#0000FF^^0~102~-750^^0~M 105 -747 L 108 -750 L 105 -753#@$P~show~0~2~95~-740~180~gge25710~0^^95~-740^^M 95 -740 h 10~#880000^^1~108.7~-736~0~DIG0~start~~~#0000FF^^1~104.5~-741~0~2~end~~~#0000FF^^0~102~-740^^0~M 105 -737 L 108 -740 L 105 -743#@$P~show~0~3~95~-730~180~gge25731~0^^95~-730^^M 95 -730 h 10~#880000^^1~108.7~-726~0~DIG4~start~~~#0000FF^^1~104.5~-731~0~3~end~~~#0000FF^^0~102~-730^^0~M 105 -727 L 108 -730 L 105 -733#@$P~show~0~4~95~-720~180~gge25752~0^^95~-720^^M 95 -720 h 10~#000000^^1~108.7~-716~0~GND~start~~~#000000^^1~104.5~-721~0~4~end~~~#000000^^0~102~-720^^0~M 105 -717 L 108 -720 L 105 -723#@$P~show~0~5~95~-710~180~gge25773~0^^95~-710^^M 95 -710 h 10~#880000^^1~108.7~-706~0~DIG6~start~~~#0000FF^^1~104.5~-711~0~5~end~~~#0000FF^^0~102~-710^^0~M 105 -707 L 108 -710 L 105 -713#@$P~show~0~6~95~-700~180~gge25794~0^^95~-700^^M 95 -700 h 10~#880000^^1~108.7~-696~0~DIG2~start~~~#0000FF^^1~104.5~-701~0~6~end~~~#0000FF^^0~102~-700^^0~M 105 -697 L 108 -700 L 105 -703#@$P~show~0~7~95~-690~180~gge25815~0^^95~-690^^M 95 -690 h 10~#880000^^1~108.7~-686~0~DIG3~start~~~#0000FF^^1~104.5~-691~0~7~end~~~#0000FF^^0~102~-690^^0~M 105 -687 L 108 -690 L 105 -693#@$P~show~0~8~95~-680~180~gge25836~0^^95~-680^^M 95 -680 h 10~#880000^^1~108.7~-676~0~DIG7~start~~~#0000FF^^1~104.5~-681~0~8~end~~~#0000FF^^0~102~-680^^0~M 105 -677 L 108 -680 L 105 -683#@$P~show~0~9~95~-670~180~gge25857~0^^95~-670^^M 95 -670 h 10~#000000^^1~108.7~-666~0~GND~start~~~#000000^^1~104.5~-671~0~9~end~~~#000000^^0~102~-670^^0~M 105 -667 L 108 -670 L 105 -673#@$P~show~0~10~95~-660~180~gge25878~0^^95~-660^^M 95 -660 h 10~#880000^^1~108.7~-656~0~DIG5~start~~~#0000FF^^1~104.5~-661~0~10~end~~~#0000FF^^0~102~-660^^0~M 105 -657 L 108 -660 L 105 -663#@$P~show~0~11~95~-650~180~gge25899~0^^95~-650^^M 95 -650 h 10~#880000^^1~108.7~-646~0~DIG1~start~~~#0000FF^^1~104.5~-651~0~11~end~~~#0000FF^^0~102~-650^^0~M 105 -647 L 108 -650 L 105 -653#@$P~show~0~12~95~-640~180~gge25920~0^^95~-640^^M 95 -640 h 10~#880000^^1~108.7~-636~0~LOAD(CS#)~start~~~#0000FF^^1~104.5~-641~0~12~end~~~#0000FF^^0~102~-640^^0~M 105 -637 L 108 -640 L 105 -643#@$P~show~0~13~225~-640~0~gge25941~0^^225~-640^^M 225 -640 h -10~#880000^^1~211.3~-636~0~CLK~end~~~#0000FF^^1~215.5~-641~0~13~start~~~#0000FF^^0~218~-640^^0~M 215 -643 L 212 -640 L 215 -637#@$P~show~0~14~225~-650~0~gge25962~0^^225~-650^^M 225 -650 h -10~#880000^^1~211.3~-646~0~SEG A~end~~~#0000FF^^1~215.5~-651~0~14~start~~~#0000FF^^0~218~-650^^0~M 215 -653 L 212 -650 L 215 -647#@$P~show~0~15~225~-660~0~gge25983~0^^225~-660^^M 225 -660 h -10~#880000^^1~211.3~-656~0~SEG F~end~~~#0000FF^^1~215.5~-661~0~15~start~~~#0000FF^^0~218~-660^^0~M 215 -663 L 212 -660 L 215 -657#@$P~show~0~16~225~-670~0~gge26004~0^^225~-670^^M 225 -670 h -10~#880000^^1~211.3~-666~0~SEG B~end~~~#0000FF^^1~215.5~-671~0~16~start~~~#0000FF^^0~218~-670^^0~M 215 -673 L 212 -670 L 215 -667#@$P~show~0~17~225~-680~0~gge26025~0^^225~-680^^M 225 -680 h -10~#880000^^1~211.3~-676~0~SEG G~end~~~#0000FF^^1~215.5~-681~0~17~start~~~#0000FF^^0~218~-680^^0~M 215 -683 L 212 -680 L 215 -677#@$P~show~0~18~225~-690~0~gge26046~0^^225~-690^^M 225 -690 h -10~#880000^^1~211.3~-686~0~ISET~end~~~#0000FF^^1~215.5~-691~0~18~start~~~#0000FF^^0~218~-690^^0~M 215 -693 L 212 -690 L 215 -687#@$P~show~0~19~225~-700~0~gge26067~0^^225~-700^^M 225 -700 h -10~#FF0000^^1~211.3~-696~0~V+~end~~~#FF0000^^1~215.5~-701~0~19~start~~~#FF0000^^0~218~-700^^0~M 215 -703 L 212 -700 L 215 -697#@$P~show~0~20~225~-710~0~gge26088~0^^225~-710^^M 225 -710 h -10~#880000^^1~211.3~-706~0~SEG C~end~~~#0000FF^^1~215.5~-711~0~20~start~~~#0000FF^^0~218~-710^^0~M 215 -713 L 212 -710 L 215 -707#@$P~show~0~21~225~-720~0~gge26109~0^^225~-720^^M 225 -720 h -10~#880000^^1~211.3~-716~0~SEG E~end~~~#0000FF^^1~215.5~-721~0~21~start~~~#0000FF^^0~218~-720^^0~M 215 -723 L 212 -720 L 215 -717#@$P~show~0~22~225~-730~0~gge26130~0^^225~-730^^M 225 -730 h -10~#880000^^1~211.3~-726~0~SEG DP~end~~~#0000FF^^1~215.5~-731~0~22~start~~~#0000FF^^0~218~-730^^0~M 215 -733 L 212 -730 L 215 -727#@$P~show~0~23~225~-740~0~gge26151~0^^225~-740^^M 225 -740 h -10~#880000^^1~211.3~-736~0~SEG D~end~~~#0000FF^^1~215.5~-741~0~23~start~~~#0000FF^^0~218~-740^^0~M 215 -743 L 212 -740 L 215 -737#@$P~show~0~24~225~-750~0~gge26172~0^^225~-750^^M 225 -750 h -10~#880000^^1~211.3~-746~0~DOUT~end~~~#0000FF^^1~215.5~-751~0~24~start~~~#0000FF^^0~218~-750^^0~M 215 -753 L 212 -750 L 215 -747",
          "F~part_netLabel_+5V~265~-700~270~gge41594~~0^^265~-700^^VCC~#000000~275.5~-696~0~start~1~Times New Roman~9pt~flag_gge31^^PL~275 -700 265 -700~#000000~1~0~transparent~gge41606~0^^PL~275 -705 275 -695~#000000~1~0~transparent~gge41609~0",
          "F~part_netLabel_gnD~95~-720~270~gge41630~~0^^95~-720^^GND~#000000~52.1~-716~0~start~1~Times New Roman~9pt~flag_gge34^^PL~85 -720 95 -720~#000000~1~0~transparent~gge41642~0^^PL~85 -729 85 -711~#000000~1~0~transparent~gge41645~0^^PL~83 -726 83 -714~#000000~1~0~transparent~gge41648~0^^PL~81 -723 81 -717~#000000~1~0~transparent~gge41651~0^^PL~79 -721 79 -719~#000000~1~0~transparent~gge41654~0",
          "F~part_netLabel_gnD~95~-670~270~gge41657~~0^^95~-670^^GND~#000000~52.1~-666~0~start~1~Times New Roman~9pt~flag_gge37^^PL~85 -670 95 -670~#000000~1~0~transparent~gge41669~0^^PL~85 -679 85 -661~#000000~1~0~transparent~gge41672~0^^PL~83 -676 83 -664~#000000~1~0~transparent~gge41675~0^^PL~81 -673 81 -667~#000000~1~0~transparent~gge41678~0^^PL~79 -671 79 -669~#000000~1~0~transparent~gge41681~0",
          "F~part_netLabel_netPort~225~-640~180~gge43190~~0^^225~-640^^CLK~#0000FF~247~-637.32~0~start~1~Times New Roman~8pt~flag_gge40^^PL~225 -640 230 -645 245 -645 245 -635 230 -635 225 -640~#0000FF~1~0~transparent~gge43202~0",
          "F~part_netLabel_netPort~95~-640~0~gge43304~~0^^95~-640^^CS~#0000FF~73~-636.4~0~end~1~Times New Roman~8pt~flag_gge43^^PL~95 -640 90 -635 75 -635 75 -645 90 -645 95 -640~#0000FF~1~0~transparent~gge43316~0",
          "F~part_netLabel_netPort~225~-750~180~gge45062~~0^^225~-750^^DOUT~#0000FF~247.8~-746.4~0~~1~Times New Roman~8pt~flag_gge46^^PL~225 -750 230 -755 245 -755 245 -745 230 -745 225 -750~#0000FF~1~0~transparent~gge45074~0",
          "F~part_netLabel_netPort~95~-750~0~gge45138~~0^^95~-750^^DIN~#0000FF~73~-746.4~0~end~1~Times New Roman~8pt~flag_gge49^^PL~95 -750 90 -745 75 -745 75 -755 90 -755 95 -750~#0000FF~1~0~transparent~gge45150~0",
          "W~265 -690 265 -700 225 -700~#008800~1~0~none~gge45680~0",
          "LIB~245~-690~package`R0603`Supplier`LCSC`Supplier Part`C191124`Manufacturer`PANASONIC(松下)`Manufacturer Part`ERJ3EKF1002V`Resistance (Ohms)`10K`nameAlias`Resistance`Contributor`LCSC`JLCPCB Part Class`Extended Part`spicePre`R`spiceSymbolName`ERJ-3EKF1002V`~~0~gge1e13ab7dca33b25e~398691f1f785460098bbe5ee6590333c~a2dcd0ef94a7457f9bcf6ead00758120~0~2d861f1eefe17493~yes~yes~28fdc0b824a74ae0b5375f3d46c65757~1673148611~9c9392f98a9d4333b95edbfb4c82bbe5#@$T~N~231.79~-686.84~0~#000080~Arial~~~~~comment~9.53K~1~start~gge45695~0~pinpart#@$T~P~249.11~-686.84~0~#000080~Arial~~~~~comment~R2~1~start~gge45701~0~pinpart#@$R~235~-694~~~20~8~#A00000~1~0~none~gge45707~0~#@$P~show~0~2~265~-690~0~gge45710~0^^265~-690^^M 255 -690 h 10~#800^^0~251~-690~0~2~end~~~#800^^0~259~-694~0~2~start~~~#800^^0~278~-690^^0~M 275 -693 L 272 -690 L 275 -687#@$P~show~0~1~225~-690~180~gge45731~0^^225~-690^^M 235 -690 h -10~#800^^0~239~-690~0~1~start~~~#800^^0~231~-694~0~1~end~~~#800^^0~212~-690^^0~M 215 -687 L 218 -690 L 215 -693",
          "F~part_netLabel_netPort~95~-740~0~gge45798~~0^^95~-740^^DIG0~#0000FF~49.2~-736.4~0~start~1~Times New Roman~8pt~flag_gge52^^PL~95 -740 90 -735 75 -735 75 -745 90 -745 95 -740~#0000FF~1~0~transparent~gge45810~0",
          "F~part_netLabel_netPort~95~-650~0~gge45813~~0^^95~-650^^DIG1~#0000FF~73~-646.4~0~end~1~Times New Roman~8pt~flag_gge55^^PL~95 -650 90 -645 75 -645 75 -655 90 -655 95 -650~#0000FF~1~0~transparent~gge45825~0",
          "F~part_netLabel_netPort~95~-700~0~gge45843~~0^^95~-700^^DIG2~#0000FF~73~-696.7~0~end~1~Times New Roman~8pt~flag_gge58^^PL~95 -700 90 -695 75 -695 75 -705 90 -705 95 -700~#0000FF~1~0~transparent~gge45855~0",
          "F~part_netLabel_netPort~95~-690~0~gge45858~~0^^95~-690^^DIG3~#0000FF~73~-686.7~0~end~1~Times New Roman~8pt~flag_gge61^^PL~95 -690 90 -685 75 -685 75 -695 90 -695 95 -690~#0000FF~1~0~transparent~gge45870~0",
          "F~part_netLabel_netPort~95~-730~0~gge45873~~0^^95~-730^^DIG4~#0000FF~73~-726.7~0~end~1~Times New Roman~8pt~flag_gge64^^PL~95 -730 90 -725 75 -725 75 -735 90 -735 95 -730~#0000FF~1~0~transparent~gge45885~0",
          "F~part_netLabel_netPort~95~-660~0~gge45888~~0^^95~-660^^DIG5~#0000FF~73~-656.7~0~end~1~Times New Roman~8pt~flag_gge67^^PL~95 -660 90 -655 75 -655 75 -665 90 -665 95 -660~#0000FF~1~0~transparent~gge45900~0",
          "F~part_netLabel_netPort~95~-710~0~gge45903~~0^^95~-710^^DIG6~#0000FF~73~-706.7~0~end~1~Times New Roman~8pt~flag_gge70^^PL~95 -710 90 -705 75 -705 75 -715 90 -715 95 -710~#0000FF~1~0~transparent~gge45915~0",
          "F~part_netLabel_netPort~95~-680~0~gge45918~~0^^95~-680^^DIG7~#0000FF~73~-676.7~0~end~1~Times New Roman~8pt~flag_gge73^^PL~95 -680 90 -675 75 -675 75 -685 90 -685 95 -680~#0000FF~1~0~transparent~gge45930~0",
          "LIB~110~-580~package`C0603`nameAlias`Value(F)`Supplier Part``Supplier``Contributor`LCEDA_Lib`spicePre`C`spiceSymbolName`C_0603_US`Manufacturer Part``~90~0~gge19783614eaa594c3~f8151fdc728a41ebbc304e11d39e5437~24eeb2ceca08480b92b847b6a310acda~0~e716d20d082a0271~yes~yes~~1586863195~#@$T~N~111.71~-566.57~0~#000080~Arial~~~~~comment~10U~1~start~gge48478~0~pinpart#@$T~P~114~-586.57~0~#000080~Arial~~~~~comment~C4~1~start~gge48484~0~pinpart#@$PL~118 -578 102 -578~#A00000~1~0~none~gge48490~0#@$P~show~0~1~110~-560~270~gge48493~0^^110~-560^^M 110 -570 v 10~#800^^0~110~-574~270~1~start~~~#800^^0~106~-566~270~1~end~~~#800^^0~110~-547^^0~M 113 -550 L 110 -553 L 107 -550#@$PL~110 -590 110 -582~#A00000~1~0~none~gge48514~0#@$PL~102 -582 118 -582~#A00000~1~0~none~gge48517~0#@$P~show~0~2~110~-600~90~gge48520~0^^110~-600^^M 110 -590 v -10~#800^^0~110~-586~270~2~end~~~#800^^0~106~-594~270~2~start~~~#800^^0~110~-613^^0~M 107 -610 L 110 -607 L 113 -610#@$PL~110 -578 110 -570~#A00000~1~0~none~gge48541~0",
          "LIB~140~-580~package`C0603`nameAlias`Value(F)`Supplier Part``Supplier``Contributor`LCEDA_Lib`spicePre`C`spiceSymbolName`C_0603_US`Manufacturer Part``~90~0~gge033d176f631b6631~f8151fdc728a41ebbc304e11d39e5437~24eeb2ceca08480b92b847b6a310acda~0~e52bc0b8c072bb50~yes~yes~~1586863195~#@$T~N~140.57~-566.57~0~#000080~Arial~~~~~comment~0.1U~1~start~gge48550~0~pinpart#@$T~P~141.43~-586.57~0~#000080~Arial~~~~~comment~C5~1~start~gge48556~0~pinpart#@$PL~148 -578 132 -578~#A00000~1~0~none~gge48562~0#@$P~show~0~1~140~-560~270~gge48565~0^^140~-560^^M 140 -570 v 10~#800^^0~140~-574~270~1~start~~~#800^^0~136~-566~270~1~end~~~#800^^0~140~-547^^0~M 143 -550 L 140 -553 L 137 -550#@$PL~140 -590 140 -582~#A00000~1~0~none~gge48586~0#@$PL~132 -582 148 -582~#A00000~1~0~none~gge48589~0#@$P~show~0~2~140~-600~90~gge48592~0^^140~-600^^M 140 -590 v -10~#800^^0~140~-586~270~2~end~~~#800^^0~136~-594~270~2~start~~~#800^^0~140~-613^^0~M 137 -610 L 140 -607 L 143 -610#@$PL~140 -578 140 -570~#A00000~1~0~none~gge48613~0",
          "F~part_netLabel_gnD~140~-560~0~gge48616~~0^^140~-560^^GND~#000000~127.2109375~-533.1015625~0~start~0~Times New Roman~9pt~flag_gge76^^PL~140 -550 140 -560~#000000~1~0~transparent~gge48628~0^^PL~131 -550 149 -550~#000000~1~0~transparent~gge48631~0^^PL~134 -548 146 -548~#000000~1~0~transparent~gge48634~0^^PL~137 -546 143 -546~#000000~1~0~transparent~gge48637~0^^PL~139 -544 141 -544~#000000~1~0~transparent~gge48640~0",
          "W~165 -595 165 -600 110 -600~#008800~1~0~none~gge48661~0",
          "W~165 -565 165 -560 110 -560~#008800~1~0~none~gge48664~0",
          "F~part_netLabel_+5V~140~-600~0~gge48704~~0^^140~-600^^VCC~#000000~130~-612~0~start~1~Times New Roman~9pt~flag_gge79^^PL~140 -610 140 -600~#000000~1~0~transparent~gge48716~0^^PL~135 -610 145 -610~#000000~1~0~transparent~gge48719~0",
          "LIB~165~-580~package`CAP-SMD_BD4.0-L4.3-W4.3-LS5.0-FD`nameAlias`Value`Contributor`LCSC`Supplier`LCSC`Supplier Part`C401767`Manufacturer`PANASONIC(松下)`Manufacturer Part`EEEFT1E220AR`JLCPCB Part Class`Extended Part`spicePre`C`spiceSymbolName`EEEFT1E220AR`~~0~gge1a6ba467aca2443a~ae28a9c7144b4d86a7e56976e78a39b4~b4d9eef1d4824db69ec8e6d634184c82~0~87a3f64d91763770~yes~yes~72fc9222816f4941bf4c78500e9ef116~1701231702~2436ac125a4d4ae2b37fddb854dfb2c2#@$T~N~164.36~-566.67~0~#000080~Arial~~~~~comment~22uF~1~start~gge50676~0~pinpart#@$T~P~166.79~-586.67~0~#000080~Arial~~~~~comment~C11~1~start~gge50682~0~pinpart#@$R~157~-588~~~0.1~4~#8D2323~1~0~#8D2323~gge50688~0~#@$R~155~-586~~~4~0.1~#8D2323~1~0~#8D2323~gge50691~0~#@$A~M 155 -576 A 16.2917 16.2917 0 0 1 165 -579~~#8D2323~1~0~none~gge50694~0#@$A~M 165 -579 A 16.0836 16.0836 0 0 1 175 -576~~#8D2323~1~0~none~gge50697~0#@$PL~155 -583 175 -583~#8D2323~1~0~none~gge50700~0#@$P~show~0~2~165~-560~90~gge50703~0^^165~-560^^M 165 -560 v -19~#8D2323^^0~168~-582~270~2~start~~~#8D2323^^0~164~-573~270~2~end~~~#8D2323^^0~165~-582^^0~M 162 -579 L 165 -576 L 168 -579#@$P~show~0~1~165~-600~270~gge50724~0^^165~-600^^M 165 -600 v 17~#8D2323^^0~168~-580~270~1~end~~~#8D2323^^0~164~-589~270~1~start~~~#8D2323^^0~165~-580^^0~M 168 -583 L 165 -586 L 162 -583",
          "F~part_netLabel_netPort~775~-685~0~gge51039~~0^^775~-685^^G~#0000FF~753~-681.4~0~end~1~Times New Roman~8pt~flag_gge82^^PL~775 -685 770 -680 755 -680 755 -690 770 -690 775 -685~#0000FF~1~0~transparent~gge51051~0",
          "F~part_netLabel_netPort~775~-730~0~gge51054~~0^^775~-730^^D~#0000FF~753~-726.4~0~end~1~Times New Roman~8pt~flag_gge85^^PL~775 -730 770 -725 755 -725 755 -735 770 -735 775 -730~#0000FF~1~0~transparent~gge51066~0",
          "F~part_netLabel_netPort~775~-745~0~gge51069~~0^^775~-745^^E~#0000FF~753~-741.4~0~end~1~Times New Roman~8pt~flag_gge88^^PL~775 -745 770 -740 755 -740 755 -750 770 -750 775 -745~#0000FF~1~0~transparent~gge51081~0",
          "F~part_netLabel_netPort~775~-715~0~gge51084~~0^^775~-715^^DP~#0000FF~753~-711.4~0~end~1~Times New Roman~8pt~flag_gge91^^PL~775 -715 770 -710 755 -710 755 -720 770 -720 775 -715~#0000FF~1~0~transparent~gge51096~0",
          "F~part_netLabel_netPort~775~-700~0~gge51099~~0^^775~-700^^C~#0000FF~753~-696.4~0~end~1~Times New Roman~8pt~flag_gge94^^PL~775 -700 770 -695 755 -695 755 -705 770 -705 775 -700~#0000FF~1~0~transparent~gge51111~0",
          "F~part_netLabel_netPort~775~-670~0~gge51114~~0^^775~-670^^DIG7~#0000FF~753~-666.7~0~end~1~Times New Roman~8pt~flag_gge97^^PL~775 -670 770 -665 755 -665 755 -675 770 -675 775 -670~#0000FF~1~0~transparent~gge51126~0",
          "F~part_netLabel_netPort~1005~-700~180~gge51129~~0^^1005~-700^^DIG5~#0000FF~1028~-696.3~0~start~1~Times New Roman~8pt~flag_gge100^^PL~1005 -700 1010 -705 1025 -705 1025 -695 1010 -695 1005 -700~#0000FF~1~0~transparent~gge51141~0",
          "F~part_netLabel_netPort~1005~-745~180~gge51144~~0^^1005~-745^^DIG4~#0000FF~1027.33~-741.3~0~start~1~Times New Roman~8pt~flag_gge103^^PL~1005 -745 1010 -750 1025 -750 1025 -740 1010 -740 1005 -745~#0000FF~1~0~transparent~gge51156~0",
          "F~part_netLabel_netPort~1005~-715~180~gge51159~~0^^1005~-715^^F~#0000FF~1026.65~-711.18~0~~1~Times New Roman~8pt~flag_gge106^^PL~1005 -715 1010 -720 1025 -720 1025 -710 1010 -710 1005 -715~#0000FF~1~0~transparent~gge51171~0",
          "F~part_netLabel_netPort~1005~-670~180~gge51174~~0^^1005~-670^^B~#0000FF~1027~-666.18~0~~1~Times New Roman~8pt~flag_gge109^^PL~1005 -670 1010 -675 1025 -675 1025 -665 1010 -665 1005 -670~#0000FF~1~0~transparent~gge51186~0",
          "F~part_netLabel_netPort~1005~-730~180~gge51189~~0^^1005~-730^^A~#0000FF~1027.28~-726.18~0~~1~Times New Roman~8pt~flag_gge112^^PL~1005 -730 1010 -735 1025 -735 1025 -725 1010 -725 1005 -730~#0000FF~1~0~transparent~gge51201~0",
          "F~part_netLabel_netPort~1005~-685~180~gge51204~~0^^1005~-685^^DIG6~#0000FF~1027.33~-681.3~0~start~1~Times New Roman~8pt~flag_gge115^^PL~1005 -685 1010 -690 1025 -690 1025 -680 1010 -680 1005 -685~#0000FF~1~0~transparent~gge51216~0",
          "F~part_netLabel_netPort~610~-685~180~gge51219~~0^^610~-685^^DIG2~#0000FF~633.07~-679.76~0~start~1~Times New Roman~8pt~flag_gge118^^PL~610 -685 615 -690 630 -690 630 -680 615 -680 610 -685~#0000FF~1~0~transparent~gge51231~0",
          "F~part_netLabel_netPort~380~-670~0~gge51234~~0^^380~-670^^DIG3~#0000FF~333.65~-668.24~0~start~1~Times New Roman~8pt~flag_gge121^^PL~380 -670 375 -665 360 -665 360 -675 375 -675 380 -670~#0000FF~1~0~transparent~gge51246~0",
          "F~part_netLabel_netPort~380~-700~0~gge51249~~0^^380~-700^^C~#0000FF~358~-696.4~0~end~1~Times New Roman~8pt~flag_gge124^^PL~380 -700 375 -695 360 -695 360 -705 375 -705 380 -700~#0000FF~1~0~transparent~gge51261~0",
          "F~part_netLabel_netPort~380~-715~0~gge51264~~0^^380~-715^^DP~#0000FF~358~-711.4~0~end~1~Times New Roman~8pt~flag_gge127^^PL~380 -715 375 -710 360 -710 360 -720 375 -720 380 -715~#0000FF~1~0~transparent~gge51276~0",
          "F~part_netLabel_netPort~380~-745~0~gge51279~~0^^380~-745^^E~#0000FF~358~-741.4~0~end~1~Times New Roman~8pt~flag_gge130^^PL~380 -745 375 -740 360 -740 360 -750 375 -750 380 -745~#0000FF~1~0~transparent~gge51291~0",
          "F~part_netLabel_netPort~380~-730~0~gge51294~~0^^380~-730^^D~#0000FF~358~-726.4~0~end~1~Times New Roman~8pt~flag_gge133^^PL~380 -730 375 -725 360 -725 360 -735 375 -735 380 -730~#0000FF~1~0~transparent~gge51306~0",
          "F~part_netLabel_netPort~380~-685~0~gge51309~~0^^380~-685^^G~#0000FF~358~-681.4~0~end~1~Times New Roman~8pt~flag_gge136^^PL~380 -685 375 -680 360 -680 360 -690 375 -690 380 -685~#0000FF~1~0~transparent~gge51321~0",
          "F~part_netLabel_netPort~610~-730~180~gge51324~~0^^610~-730^^A~#0000FF~632.28~-726.18~0~~1~Times New Roman~8pt~flag_gge139^^PL~610 -730 615 -735 630 -735 630 -725 615 -725 610 -730~#0000FF~1~0~transparent~gge51336~0",
          "F~part_netLabel_netPort~610~-670~180~gge51339~~0^^610~-670^^B~#0000FF~632~-666.18~0~~1~Times New Roman~8pt~flag_gge142^^PL~610 -670 615 -675 630 -675 630 -665 615 -665 610 -670~#0000FF~1~0~transparent~gge51351~0",
          "F~part_netLabel_netPort~610~-715~180~gge51354~~0^^610~-715^^F~#0000FF~631.65~-711.18~0~~1~Times New Roman~8pt~flag_gge145^^PL~610 -715 615 -720 630 -720 630 -710 615 -710 610 -715~#0000FF~1~0~transparent~gge51366~0",
          "F~part_netLabel_netPort~610~-745~180~gge51369~~0^^610~-745^^DIG0~#0000FF~631.17~-741.54~0~start~1~Times New Roman~8pt~flag_gge148^^PL~610 -745 615 -750 630 -750 630 -740 615 -740 610 -745~#0000FF~1~0~transparent~gge51381~0",
          "F~part_netLabel_netPort~610~-700~180~gge51384~~0^^610~-700^^DIG1~#0000FF~632.91~-694.7~0~start~1~Times New Roman~8pt~flag_gge151^^PL~610 -700 615 -705 630 -705 630 -695 615 -695 610 -700~#0000FF~1~0~transparent~gge51396~0",
          "LIB~895~-707~package`LED-SEG-TH_12P-L30.0-W14.0-P2.54-S10.16-BL`Supplier`LCSC`Manufacturer`志浩`Manufacturer Part`FJ3461AH`Supplier Part`C10708`JLCPCB Part Class`Extended Part`spicePre`L`spiceSymbolName`FJ3461AH`Package Display`No`~~0~ggea79cc28e16ac32d5~da4d07a5fe574ea6aeb4c97b659da101~e41cc5e657a6cf152585f17c7f699c0d~0~c130ab3742646ee0~yes~yes~da35c9bb6dc344c080a7701a0c8e5e08~1686876293~ab2a92b8b8884f42b19d09a820ad658d#@$T~N~878.14~-758.72~0~#000080~Arial~~~~~comment~FJ3461AH~1~start~gge51405~0~pinpart#@$T~P~878.14~-767.11~0~#000080~Arial~~~~~comment~LED2~1~start~gge51411~0~pinpart#@$R~795~-755~~~190~95~#880000~1~0~#EFEFEF~gge51417~0~#@$P~show~1~1~775~-745~180~gge51420~0^^775~-745^^M 775 -745 h 20~#000000^^1~800~-742~0~e~start~~~#000000^^1~790~-746~0~1~end~~~#000000^^0~792~-745^^0~M 795 -742 L 798 -745 L 795 -748#@$P~show~1~2~775~-730~180~gge51441~0^^775~-730^^M 775 -730 h 20~#000000^^1~800~-727~0~d~start~~~#000000^^1~790~-731~0~2~end~~~#000000^^0~792~-730^^0~M 795 -727 L 798 -730 L 795 -733#@$P~show~1~3~775~-715~180~gge51462~0^^775~-715^^M 775 -715 h 20~#000000^^1~800~-712~0~dp~start~~~#000000^^1~790~-716~0~3~end~~~#000000^^0~792~-715^^0~M 795 -712 L 798 -715 L 795 -718#@$P~show~1~4~775~-700~180~gge51483~0^^775~-700^^M 775 -700 h 20~#000000^^1~800~-697~0~c~start~~~#000000^^1~790~-701~0~4~end~~~#000000^^0~792~-700^^0~M 795 -697 L 798 -700 L 795 -703#@$P~show~1~5~775~-685~180~gge51504~0^^775~-685^^M 775 -685 h 20~#000000^^1~800~-682~0~g~start~~~#000000^^1~790~-686~0~5~end~~~#000000^^0~792~-685^^0~M 795 -682 L 798 -685 L 795 -688#@$P~show~1~6~775~-670~180~gge51525~0^^775~-670^^M 775 -670 h 20~#000000^^1~800~-667~0~G4~start~~~#000000^^1~790~-671~0~6~end~~~#000000^^0~792~-670^^0~M 795 -667 L 798 -670 L 795 -673#@$P~show~1~7~1005~-670~0~gge51546~0^^1005~-670^^M 1005 -670 h -20~#000000^^1~980~-667~0~b~end~~~#000000^^1~990~-671~0~7~start~~~#000000^^0~988~-670^^0~M 985 -673 L 982 -670 L 985 -667#@$P~show~1~8~1005~-685~0~gge51567~0^^1005~-685^^M 1005 -685 h -20~#000000^^1~980~-682~0~G3~end~~~#000000^^1~990~-686~0~8~start~~~#000000^^0~988~-685^^0~M 985 -688 L 982 -685 L 985 -682#@$P~show~1~9~1005~-700~0~gge51588~0^^1005~-700^^M 1005 -700 h -20~#000000^^1~980~-697~0~G2~end~~~#000000^^1~990~-701~0~9~start~~~#000000^^0~988~-700^^0~M 985 -703 L 982 -700 L 985 -697#@$P~show~1~10~1005~-715~0~gge51609~0^^1005~-715^^M 1005 -715 h -20~#000000^^1~980~-712~0~f~end~~~#000000^^1~990~-716~0~10~start~~~#000000^^0~988~-715^^0~M 985 -718 L 982 -715 L 985 -712#@$P~show~1~11~1005~-730~0~gge51630~0^^1005~-730^^M 1005 -730 h -20~#000000^^1~980~-727~0~a~end~~~#000000^^1~990~-731~0~11~start~~~#000000^^0~988~-730^^0~M 985 -733 L 982 -730 L 985 -727#@$P~show~1~12~1005~-745~0~gge51651~0^^1005~-745^^M 1005 -745 h -20~#000000^^1~980~-742~0~G1~end~~~#000000^^1~990~-746~0~12~start~~~#000000^^0~988~-745^^0~M 985 -748 L 982 -745 L 985 -742#@$T~L~882~-675~0~#880000~~~~~~comment~dp~1~start~gge51672~0~pinpart#@$T~L~872~-705~0~#880000~~~~~~comment~g~1~start~gge51678~0~pinpart#@$T~L~862~-720~0~#880000~~~~~~comment~f~1~start~gge51684~0~pinpart#@$T~L~862~-695~0~#880000~~~~~~comment~e~1~start~gge51690~0~pinpart#@$T~L~872~-680~0~#880000~~~~~~comment~d~1~start~gge51696~0~pinpart#@$T~L~877~-695~0~#880000~~~~~~comment~c~1~start~gge51702~0~pinpart#@$T~L~877~-720~0~#880000~~~~~~comment~b~1~start~gge51708~0~pinpart#@$T~L~867~-740~0~#880000~~~~~~comment~a~1~start~gge51714~0~pinpart#@$E~890~-686~2~2~#880000~1~0~#EFEFEF~gge51720~0#@$PL~860 -690 862 -692 880 -692 883 -690 881 -688 862 -688 860 -690~#880000~1~0~none~gge51723~0#@$PL~884 -691 882 -693 882 -711 884 -714 886 -712 886 -693 884 -691~#880000~1~0~none~gge51726~0#@$PL~859 -691 857 -693 857 -711 859 -714 861 -712 861 -693 859 -691~#880000~1~0~none~gge51729~0#@$PL~860 -715 862 -717 880 -717 883 -715 881 -713 862 -713 860 -715~#880000~1~0~none~gge51732~0#@$PL~884 -716 882 -718 882 -736 884 -739 886 -737 886 -718 884 -716~#880000~1~0~none~gge51735~0#@$PL~859 -716 857 -718 857 -736 859 -739 861 -737 861 -718 859 -716~#880000~1~0~none~gge51738~0#@$PL~860 -740 862 -742 880 -742 883 -740 881 -738 862 -738 860 -740~#880000~1~0~none~gge51741~0#@$T~L~917~-675~0~#880000~~~~~~comment~dp~1~start~gge51744~0~pinpart#@$T~L~907~-705~0~#880000~~~~~~comment~g~1~start~gge51750~0~pinpart#@$T~L~897~-720~0~#880000~~~~~~comment~f~1~start~gge51756~0~pinpart#@$T~L~897~-695~0~#880000~~~~~~comment~e~1~start~gge51762~0~pinpart#@$T~L~907~-680~0~#880000~~~~~~comment~d~1~start~gge51768~0~pinpart#@$T~L~912~-695~0~#880000~~~~~~comment~c~1~start~gge51774~0~pinpart#@$T~L~912~-720~0~#880000~~~~~~comment~b~1~start~gge51780~0~pinpart#@$T~L~902~-740~0~#880000~~~~~~comment~a~1~start~gge51786~0~pinpart#@$E~925~-686~2~2~#880000~1~0~#EFEFEF~gge51792~0#@$PL~895 -690 897 -692 915 -692 918 -690 916 -688 897 -688 895 -690~#880000~1~0~none~gge51795~0#@$PL~919 -691 917 -693 917 -711 919 -714 921 -712 921 -693 919 -691~#880000~1~0~none~gge51798~0#@$PL~894 -691 892 -693 892 -711 894 -714 896 -712 896 -693 894 -691~#880000~1~0~none~gge51801~0#@$PL~895 -715 897 -717 915 -717 918 -715 916 -713 897 -713 895 -715~#880000~1~0~none~gge51804~0#@$PL~919 -716 917 -718 917 -736 919 -739 921 -737 921 -718 919 -716~#880000~1~0~none~gge51807~0#@$PL~894 -716 892 -718 892 -736 894 -739 896 -737 896 -718 894 -716~#880000~1~0~none~gge51810~0#@$PL~895 -740 897 -742 915 -742 918 -740 916 -738 897 -738 895 -740~#880000~1~0~none~gge51813~0#@$T~L~952~-675~0~#880000~~~~~~comment~dp~1~start~gge51816~0~pinpart#@$T~L~942~-705~0~#880000~~~~~~comment~g~1~start~gge51822~0~pinpart#@$T~L~932~-720~0~#880000~~~~~~comment~f~1~start~gge51828~0~pinpart#@$T~L~932~-695~0~#880000~~~~~~comment~e~1~start~gge51834~0~pinpart#@$T~L~942~-680~0~#880000~~~~~~comment~d~1~start~gge51840~0~pinpart#@$T~L~947~-695~0~#880000~~~~~~comment~c~1~start~gge51846~0~pinpart#@$T~L~947~-720~0~#880000~~~~~~comment~b~1~start~gge51852~0~pinpart#@$T~L~937~-740~0~#880000~~~~~~comment~a~1~start~gge51858~0~pinpart#@$E~960~-686~2~2~#880000~1~0~#EFEFEF~gge51864~0#@$PL~930 -690 932 -692 950 -692 953 -690 951 -688 932 -688 930 -690~#880000~1~0~none~gge51867~0#@$PL~954 -691 952 -693 952 -711 954 -714 956 -712 956 -693 954 -691~#880000~1~0~none~gge51870~0#@$PL~929 -691 927 -693 927 -711 929 -714 931 -712 931 -693 929 -691~#880000~1~0~none~gge51873~0#@$PL~930 -715 932 -717 950 -717 953 -715 951 -713 932 -713 930 -715~#880000~1~0~none~gge51876~0#@$PL~954 -716 952 -718 952 -736 954 -739 956 -737 956 -718 954 -716~#880000~1~0~none~gge51879~0#@$PL~929 -716 927 -718 927 -736 929 -739 931 -737 931 -718 929 -716~#880000~1~0~none~gge51882~0#@$PL~930 -740 932 -742 950 -742 953 -740 951 -738 932 -738 930 -740~#880000~1~0~none~gge51885~0#@$T~L~847~-675~0~#880000~~~~~~comment~dp~1~start~gge51888~0~pinpart#@$T~L~837~-705~0~#880000~~~~~~comment~g~1~start~gge51894~0~pinpart#@$T~L~827~-720~0~#880000~~~~~~comment~f~1~start~gge51900~0~pinpart#@$T~L~827~-695~0~#880000~~~~~~comment~e~1~start~gge51906~0~pinpart#@$T~L~837~-680~0~#880000~~~~~~comment~d~1~start~gge51912~0~pinpart#@$T~L~842~-695~0~#880000~~~~~~comment~c~1~start~gge51918~0~pinpart#@$T~L~842~-720~0~#880000~~~~~~comment~b~1~start~gge51924~0~pinpart#@$T~L~832~-740~0~#880000~~~~~~comment~a~1~start~gge51930~0~pinpart#@$E~855~-686~2~2~#880000~1~0~#EFEFEF~gge51936~0#@$PL~825 -690 827 -692 845 -692 848 -690 846 -688 827 -688 825 -690~#880000~1~0~none~gge51939~0#@$PL~849 -691 847 -693 847 -711 849 -714 851 -712 851 -693 849 -691~#880000~1~0~none~gge51942~0#@$PL~824 -691 822 -693 822 -711 824 -714 826 -712 826 -693 824 -691~#880000~1~0~none~gge51945~0#@$PL~825 -715 827 -717 845 -717 848 -715 846 -713 827 -713 825 -715~#880000~1~0~none~gge51948~0#@$PL~849 -716 847 -718 847 -736 849 -739 851 -737 851 -718 849 -716~#880000~1~0~none~gge51951~0#@$PL~824 -716 822 -718 822 -736 824 -739 826 -737 826 -718 824 -716~#880000~1~0~none~gge51954~0#@$PL~825 -740 827 -742 845 -742 848 -740 846 -738 827 -738 825 -740~#880000~1~0~none~gge51957~0",
          "LIB~500~-707~package`LED-SEG-TH_12P-L30.0-W14.0-P2.54-S10.16-BL`Supplier`LCSC`Manufacturer`志浩`Manufacturer Part`FJ3461AH`Supplier Part`C10708`JLCPCB Part Class`Extended Part`spicePre`L`spiceSymbolName`FJ3461AH`Package Display`No`~~0~ggee88b2fa99e66de1c~da4d07a5fe574ea6aeb4c97b659da101~e41cc5e657a6cf152585f17c7f699c0d~0~952059e72bce30ac~yes~yes~da35c9bb6dc344c080a7701a0c8e5e08~1686876293~ab2a92b8b8884f42b19d09a820ad658d#@$T~N~483.14~-758.72~0~#000080~Arial~~~~~comment~FJ3461AH~1~start~gge51966~0~pinpart#@$T~P~483.14~-767.11~0~#000080~Arial~~~~~comment~LED1~1~start~gge51972~0~pinpart#@$R~400~-755~~~190~95~#880000~1~0~#EFEFEF~gge51978~0~#@$P~show~1~1~380~-745~180~gge51981~0^^380~-745^^M 380 -745 h 20~#000000^^1~405~-742~0~e~start~~~#000000^^1~395~-746~0~1~end~~~#000000^^0~397~-745^^0~M 400 -742 L 403 -745 L 400 -748#@$P~show~1~2~380~-730~180~gge52002~0^^380~-730^^M 380 -730 h 20~#000000^^1~405~-727~0~d~start~~~#000000^^1~395~-731~0~2~end~~~#000000^^0~397~-730^^0~M 400 -727 L 403 -730 L 400 -733#@$P~show~1~3~380~-715~180~gge52023~0^^380~-715^^M 380 -715 h 20~#000000^^1~405~-712~0~dp~start~~~#000000^^1~395~-716~0~3~end~~~#000000^^0~397~-715^^0~M 400 -712 L 403 -715 L 400 -718#@$P~show~1~4~380~-700~180~gge52044~0^^380~-700^^M 380 -700 h 20~#000000^^1~405~-697~0~c~start~~~#000000^^1~395~-701~0~4~end~~~#000000^^0~397~-700^^0~M 400 -697 L 403 -700 L 400 -703#@$P~show~1~5~380~-685~180~gge52065~0^^380~-685^^M 380 -685 h 20~#000000^^1~405~-682~0~g~start~~~#000000^^1~395~-686~0~5~end~~~#000000^^0~397~-685^^0~M 400 -682 L 403 -685 L 400 -688#@$P~show~1~6~380~-670~180~gge52086~0^^380~-670^^M 380 -670 h 20~#000000^^1~405~-667~0~G4~start~~~#000000^^1~395~-671~0~6~end~~~#000000^^0~397~-670^^0~M 400 -667 L 403 -670 L 400 -673#@$P~show~1~7~610~-670~0~gge52107~0^^610~-670^^M 610 -670 h -20~#000000^^1~585~-667~0~b~end~~~#000000^^1~595~-671~0~7~start~~~#000000^^0~593~-670^^0~M 590 -673 L 587 -670 L 590 -667#@$P~show~1~8~610~-685~0~gge52128~0^^610~-685^^M 610 -685 h -20~#000000^^1~585~-682~0~G3~end~~~#000000^^1~595~-686~0~8~start~~~#000000^^0~593~-685^^0~M 590 -688 L 587 -685 L 590 -682#@$P~show~1~9~610~-700~0~gge52149~0^^610~-700^^M 610 -700 h -20~#000000^^1~585~-697~0~G2~end~~~#000000^^1~595~-701~0~9~start~~~#000000^^0~593~-700^^0~M 590 -703 L 587 -700 L 590 -697#@$P~show~1~10~610~-715~0~gge52170~0^^610~-715^^M 610 -715 h -20~#000000^^1~585~-712~0~f~end~~~#000000^^1~595~-716~0~10~start~~~#000000^^0~593~-715^^0~M 590 -718 L 587 -715 L 590 -712#@$P~show~1~11~610~-730~0~gge52191~0^^610~-730^^M 610 -730 h -20~#000000^^1~585~-727~0~a~end~~~#000000^^1~595~-731~0~11~start~~~#000000^^0~593~-730^^0~M 590 -733 L 587 -730 L 590 -727#@$P~show~1~12~610~-745~0~gge52212~0^^610~-745^^M 610 -745 h -20~#000000^^1~585~-742~0~G1~end~~~#000000^^1~595~-746~0~12~start~~~#000000^^0~593~-745^^0~M 590 -748 L 587 -745 L 590 -742#@$T~L~487~-675~0~#880000~~~~~~comment~dp~1~start~gge52233~0~pinpart#@$T~L~477~-705~0~#880000~~~~~~comment~g~1~start~gge52239~0~pinpart#@$T~L~467~-720~0~#880000~~~~~~comment~f~1~start~gge52245~0~pinpart#@$T~L~467~-695~0~#880000~~~~~~comment~e~1~start~gge52251~0~pinpart#@$T~L~477~-680~0~#880000~~~~~~comment~d~1~start~gge52257~0~pinpart#@$T~L~482~-695~0~#880000~~~~~~comment~c~1~start~gge52263~0~pinpart#@$T~L~482~-720~0~#880000~~~~~~comment~b~1~start~gge52269~0~pinpart#@$T~L~472~-740~0~#880000~~~~~~comment~a~1~start~gge52275~0~pinpart#@$E~495~-686~2~2~#880000~1~0~#EFEFEF~gge52281~0#@$PL~465 -690 467 -692 485 -692 488 -690 486 -688 467 -688 465 -690~#880000~1~0~none~gge52284~0#@$PL~489 -691 487 -693 487 -711 489 -714 491 -712 491 -693 489 -691~#880000~1~0~none~gge52287~0#@$PL~464 -691 462 -693 462 -711 464 -714 466 -712 466 -693 464 -691~#880000~1~0~none~gge52290~0#@$PL~465 -715 467 -717 485 -717 488 -715 486 -713 467 -713 465 -715~#880000~1~0~none~gge52293~0#@$PL~489 -716 487 -718 487 -736 489 -739 491 -737 491 -718 489 -716~#880000~1~0~none~gge52296~0#@$PL~464 -716 462 -718 462 -736 464 -739 466 -737 466 -718 464 -716~#880000~1~0~none~gge52299~0#@$PL~465 -740 467 -742 485 -742 488 -740 486 -738 467 -738 465 -740~#880000~1~0~none~gge52302~0#@$T~L~522~-675~0~#880000~~~~~~comment~dp~1~start~gge52305~0~pinpart#@$T~L~512~-705~0~#880000~~~~~~comment~g~1~start~gge52311~0~pinpart#@$T~L~502~-720~0~#880000~~~~~~comment~f~1~start~gge52317~0~pinpart#@$T~L~502~-695~0~#880000~~~~~~comment~e~1~start~gge52323~0~pinpart#@$T~L~512~-680~0~#880000~~~~~~comment~d~1~start~gge52329~0~pinpart#@$T~L~517~-695~0~#880000~~~~~~comment~c~1~start~gge52335~0~pinpart#@$T~L~517~-720~0~#880000~~~~~~comment~b~1~start~gge52341~0~pinpart#@$T~L~507~-740~0~#880000~~~~~~comment~a~1~start~gge52347~0~pinpart#@$E~530~-686~2~2~#880000~1~0~#EFEFEF~gge52353~0#@$PL~500 -690 502 -692 520 -692 523 -690 521 -688 502 -688 500 -690~#880000~1~0~none~gge52356~0#@$PL~524 -691 522 -693 522 -711 524 -714 526 -712 526 -693 524 -691~#880000~1~0~none~gge52359~0#@$PL~499 -691 497 -693 497 -711 499 -714 501 -712 501 -693 499 -691~#880000~1~0~none~gge52362~0#@$PL~500 -715 502 -717 520 -717 523 -715 521 -713 502 -713 500 -715~#880000~1~0~none~gge52365~0#@$PL~524 -716 522 -718 522 -736 524 -739 526 -737 526 -718 524 -716~#880000~1~0~none~gge52368~0#@$PL~499 -716 497 -718 497 -736 499 -739 501 -737 501 -718 499 -716~#880000~1~0~none~gge52371~0#@$PL~500 -740 502 -742 520 -742 523 -740 521 -738 502 -738 500 -740~#880000~1~0~none~gge52374~0#@$T~L~557~-675~0~#880000~~~~~~comment~dp~1~start~gge52377~0~pinpart#@$T~L~547~-705~0~#880000~~~~~~comment~g~1~start~gge52383~0~pinpart#@$T~L~537~-720~0~#880000~~~~~~comment~f~1~start~gge52389~0~pinpart#@$T~L~537~-695~0~#880000~~~~~~comment~e~1~start~gge52395~0~pinpart#@$T~L~547~-680~0~#880000~~~~~~comment~d~1~start~gge52401~0~pinpart#@$T~L~552~-695~0~#880000~~~~~~comment~c~1~start~gge52407~0~pinpart#@$T~L~552~-720~0~#880000~~~~~~comment~b~1~start~gge52413~0~pinpart#@$T~L~542~-740~0~#880000~~~~~~comment~a~1~start~gge52419~0~pinpart#@$E~565~-686~2~2~#880000~1~0~#EFEFEF~gge52425~0#@$PL~535 -690 537 -692 555 -692 558 -690 556 -688 537 -688 535 -690~#880000~1~0~none~gge52428~0#@$PL~559 -691 557 -693 557 -711 559 -714 561 -712 561 -693 559 -691~#880000~1~0~none~gge52431~0#@$PL~534 -691 532 -693 532 -711 534 -714 536 -712 536 -693 534 -691~#880000~1~0~none~gge52434~0#@$PL~535 -715 537 -717 555 -717 558 -715 556 -713 537 -713 535 -715~#880000~1~0~none~gge52437~0#@$PL~559 -716 557 -718 557 -736 559 -739 561 -737 561 -718 559 -716~#880000~1~0~none~gge52440~0#@$PL~534 -716 532 -718 532 -736 534 -739 536 -737 536 -718 534 -716~#880000~1~0~none~gge52443~0#@$PL~535 -740 537 -742 555 -742 558 -740 556 -738 537 -738 535 -740~#880000~1~0~none~gge52446~0#@$T~L~452~-675~0~#880000~~~~~~comment~dp~1~start~gge52449~0~pinpart#@$T~L~442~-705~0~#880000~~~~~~comment~g~1~start~gge52455~0~pinpart#@$T~L~432~-720~0~#880000~~~~~~comment~f~1~start~gge52461~0~pinpart#@$T~L~432~-695~0~#880000~~~~~~comment~e~1~start~gge52467~0~pinpart#@$T~L~442~-680~0~#880000~~~~~~comment~d~1~start~gge52473~0~pinpart#@$T~L~447~-695~0~#880000~~~~~~comment~c~1~start~gge52479~0~pinpart#@$T~L~447~-720~0~#880000~~~~~~comment~b~1~start~gge52485~0~pinpart#@$T~L~437~-740~0~#880000~~~~~~comment~a~1~start~gge52491~0~pinpart#@$E~460~-686~2~2~#880000~1~0~#EFEFEF~gge52497~0#@$PL~430 -690 432 -692 450 -692 453 -690 451 -688 432 -688 430 -690~#880000~1~0~none~gge52500~0#@$PL~454 -691 452 -693 452 -711 454 -714 456 -712 456 -693 454 -691~#880000~1~0~none~gge52503~0#@$PL~429 -691 427 -693 427 -711 429 -714 431 -712 431 -693 429 -691~#880000~1~0~none~gge52506~0#@$PL~430 -715 432 -717 450 -717 453 -715 451 -713 432 -713 430 -715~#880000~1~0~none~gge52509~0#@$PL~454 -716 452 -718 452 -736 454 -739 456 -737 456 -718 454 -716~#880000~1~0~none~gge52512~0#@$PL~429 -716 427 -718 427 -736 429 -739 431 -737 431 -718 429 -716~#880000~1~0~none~gge52515~0#@$PL~430 -740 432 -742 450 -742 453 -740 451 -738 432 -738 430 -740~#880000~1~0~none~gge52518~0",
          "J~265~-700~2.5~#CC0000~gge45753~0",
          "J~140~-600~2.5~#CC0000~gge49417~0",
          "J~140~-560~2.5~#CC0000~gge49421~0",
          "J~165~-600~2.5~#CC0000~gge51013~0",
          "J~165~-560~2.5~#CC0000~gge51017~0"
        ],
        "BBox": {
          "x": 0,
          "y": -807.1,
          "width": 1149,
          "height": 807.7
        },
        "colors": {}
      }
    }
  ]
}